{
  "model_name": "lightgbm_baseline",
  "timestamp": "20251117_161401",
  "metrics": {
    "config": "Baseline",
    "accuracy": 0.7123730378578024,
    "precision": 0.0,
    "recall": 0.0,
    "f1": 0.0,
    "auc_roc": 0.5083354974920249,
    "confusion_matrix": [
      [
        37032,
        0
      ],
      [
        14952,
        0
      ]
    ]
  },
  "metadata": {
    "dataset": "R_100_1m_6months",
    "train_samples": 207932,
    "test_samples": 51984,
    "features": 65,
    "prediction_horizon": "15min",
    "threshold": "0.3%",
    "best_config": {
      "name": "Baseline",
      "num_leaves": 31,
      "learning_rate": 0.05,
      "n_estimators": 200,
      "max_depth": 6,
      "min_child_samples": 20,
      "subsample": 0.8,
      "colsample_bytree": 0.8
    },
    "all_results": [
      {
        "config": "Baseline",
        "accuracy": 0.7123730378578024,
        "precision": 0.0,
        "recall": 0.0,
        "f1": 0.0,
        "auc_roc": 0.5083354974920249,
        "confusion_matrix": [
          [
            37032,
            0
          ],
          [
            14952,
            0
          ]
        ]
      },
      {
        "config": "Conservative",
        "accuracy": 0.7123730378578024,
        "precision": 0.0,
        "recall": 0.0,
        "f1": 0.0,
        "auc_roc": 0.5141827136604543,
        "confusion_matrix": [
          [
            37032,
            0
          ],
          [
            14952,
            0
          ]
        ]
      },
      {
        "config": "Balanced",
        "accuracy": 0.7123730378578024,
        "precision": 0.0,
        "recall": 0.0,
        "f1": 0.0,
        "auc_roc": 0.5124213624593876,
        "confusion_matrix": [
          [
            37032,
            0
          ],
          [
            14952,
            0
          ]
        ]
      },
      {
        "config": "Deep",
        "accuracy": 0.7123730378578024,
        "precision": 0.0,
        "recall": 0.0,
        "f1": 0.0,
        "auc_roc": 0.5114077801900482,
        "confusion_matrix": [
          [
            37032,
            0
          ],
          [
            14952,
            0
          ]
        ]
      }
    ],
    "comparison": {
      "random_forest": 0.6209,
      "xgboost": 0.6814,
      "lightgbm": 0.7123730378578024
    }
  }
}