{
  "model_name": "lightgbm_fixed_unbalanced-1",
  "timestamp": "20251117_161532",
  "metrics": {
    "config": "Unbalanced-1",
    "threshold": 0.3,
    "accuracy": 0.2876269621421976,
    "precision": 0.2876269621421976,
    "recall": 1.0,
    "f1": 0.4467551093581929,
    "auc_roc": 0.4948996334970255
  },
  "metadata": {
    "dataset": "R_100_1m_6months",
    "train_samples": 207932,
    "test_samples": 51984,
    "features": 65,
    "prediction_horizon": "15min",
    "threshold": "0.3%",
    "best_config": {
      "name": "Unbalanced-1",
      "num_leaves": 31,
      "learning_rate": 0.05,
      "n_estimators": 200,
      "max_depth": -1,
      "min_child_samples": 5,
      "subsample": 0.8,
      "colsample_bytree": 0.8,
      "is_unbalance": true,
      "boost_from_average": false,
      "threshold": 0.3
    },
    "all_results": [
      {
        "config": "Unbalanced-1",
        "threshold": 0.3,
        "accuracy": 0.2876269621421976,
        "precision": 0.2876269621421976,
        "recall": 1.0,
        "f1": 0.4467551093581929,
        "auc_roc": 0.4948996334970255
      },
      {
        "config": "Unbalanced-2",
        "threshold": 0.3,
        "accuracy": 0.2876269621421976,
        "precision": 0.2876269621421976,
        "recall": 1.0,
        "f1": 0.4467551093581929,
        "auc_roc": 0.5077555082001586
      },
      {
        "config": "ScaleWeight",
        "threshold": 0.3,
        "accuracy": 0.2876269621421976,
        "precision": 0.2876269621421976,
        "recall": 1.0,
        "f1": 0.4467551093581929,
        "auc_roc": 0.5113522765540737
      },
      {
        "config": "Conservative",
        "threshold": 0.3,
        "accuracy": 0.2876269621421976,
        "precision": 0.2876269621421976,
        "recall": 1.0,
        "f1": 0.4467551093581929,
        "auc_roc": 0.5048321177418491
      }
    ],
    "optimal_threshold": 0.3
  }
}