{
  "model_name": "xgboost_deep_learning",
  "timestamp": "20251117_155902",
  "metrics": {
    "accuracy": 0.5026354262850108,
    "precision": 0.29369914853358564,
    "recall": 0.5190609951845907,
    "f1_score": 0.37513594509026754,
    "auc_roc": 0.5092376336255567,
    "confusion_matrix": [
      [
        18368,
        18664
      ],
      [
        7191,
        7761
      ]
    ],
    "model_name": "XGBoost - Deep Learning",
    "test_samples": 51984
  },
  "metadata": {
    "dataset": "R_100_1m_6months",
    "train_samples": 207932,
    "test_samples": 51984,
    "features": 65,
    "prediction_horizon": "15min",
    "threshold": "0.3%",
    "config": "Deep Learning",
    "parameters": {
      "max_depth": 10,
      "learning_rate": 0.05,
      "n_estimators": 200,
      "min_child_weight": 3,
      "subsample": 0.9,
      "colsample_bytree": 0.9,
      "scale_pos_weight": 2.4999495034505976,
      "gamma": 0.1
    }
  }
}