{
  "spectral_flatness": 0.5713732871100872,
  "ks_statistic": 0.011546521198788032,
  "ks_pvalue": 0.8894175492978147,
  "expected_period": 300.0,
  "closest_period": 293.7647058823529,
  "closest_power_pct": 7.159574687610223,
  "top_periods": [
    3.401907356948229,
    2.9975990396158463,
    3.6505847953216373,
    10.55813953488372,
    2.2048565121412804,
    3.054434250764526,
    4.2214708368554525,
    12.57934508816121,
    3.6057761732851987,
    2.8537142857142856
  ],
  "top_powers": [
    110687487.01940116,
    82971426.41645576,
    77998761.92686222,
    76071170.6669662,
    73940261.21688873,
    73811714.682498,
    71953376.69697678,
    67767838.55944987,
    67493303.61464804,
    66973949.43798094
  ]
}