{
  "experiment": "C_more_trials",
  "n_trials": 100,
  "win_rate": 0.5100615160045876,
  "f1_score": 0.4935829244332941,
  "accuracy": 0.5100615160045876,
  "best_params": {
    "max_depth": 7,
    "learning_rate": 0.12185064114171879,
    "n_estimators": 421,
    "min_child_weight": 4,
    "subsample": 0.6396042782181031,
    "colsample_bytree": 0.7242807389888848,
    "gamma": 0.8606737372476329,
    "reg_alpha": 1.4972781019936352,
    "reg_lambda": 0.5648640258267641
  },
  "timestamp": "2025-12-18T19:28:49.869027"
}