{
  "accuracy": 0.4717126858466886,
  "accuracy_tradeable": 0.5091231362735898,
  "f1_tradeable": 0.4981244919309993,
  "win_rate": 0.5091231362735898,
  "confusion_matrix": [
    [
      3,
      474,
      290
    ],
    [
      10,
      3166,
      1973
    ],
    [
      8,
      2717,
      1717
    ]
  ]
}